אבן טוב (22),אבן טוב (22),אבן טוב (22),אבן טוב (22)
אבן טוב (22),אבן טוב (22),אדר (22),אדר (22)
אדר (22),אדר (22),אדר (22),אדר (22)
אדר (22),אדר (22),אדר (17),אדר (17)
אדר (17),אדר (17),אדר (17),אהרוני (26)
אהרוני (26),אהרוני (26),אהרוני (26),אווה (3)
אוחיון (7A),אוחיון (7A),אוחיון (7A),אוחיון (7A)
אוחיון (7A),אוחיון (7A),אוחיון (7A),אוחיון (7A)
אוליאל (18),אוליאל (18),אוליאל (18),אוליאל (18)
אולפן (21),אולפן (21),אולפן (21),אולפן (21)
אולפן (21),אולפן (21),אולפן (21),אולפן (21)
אולפן (21),אולפן (21),אולפן (21),אולפן (21)
אולפן (21),אולפן (21),אולפן (21),אולפן (21)
אולפן (21),אולפן (21),אולפן (21),אולפן (21)
אולפן (21),אולפן (21),אולפן (21),אולפן (21)
אלגרנטי (19),אלגרנטי (19),אלגרנטי (19),אלגרנטי (19)
אלגרנטי (19),אלגרנטי (19),אלגרנטי (19),אלגרנטי (19)
אלגרנטי (19),אלגרנטי (19),אלגרנטי (19),אלגרנטי (19)
אלגרנטי (19),אלגרנטי (19),אלוני (24),אלוני (24)
אלוני (24),אלוני (24),אלוני (24),אלוני (24)
אלוני (12),אלוני (12),אלוני (12),אלמוג (5)
אלמוג (5),אמיחוביץ (12),אמיחוביץ (12),אמיחוביץ (12)
אמיחוביץ (12),אמיחוביץ (12),אמיחוביץ (12),אמיחוביץ (12)
אמיחוביץ (12),אמיחוביץ (12),אמיחוביץ (12),אמיחוביץ (12)
אמיחוביץ (12),אנגל (11),אנגל (11),אנגל (11)
אנגל (11),אנגל (11),אנגל (11),אנגל (18)
אנגל (18),אנגל (18),אנגל (18),אנגל (18)
אנגל (18),אנגל (18),אסף (25),אסף (25)
אסף (25),אסף (25),אסף (25),אסף (25)
אסף (25),אסף (25),אסף (25),אסף (25)
אסף (25),אסף (25),אשוח (6),אשוח (6)
אשוח (6),בהרב (25),בהרב (25),בהרב (25)
בהרב (25),בהרב (25),בהרב (25),בחרך (25)
בחרך (25),בחרך (25),בחרך (25),בחרך (25)
בייטס (8),בייטס (8),בייטס (8),בייטס (8)
בייטס (8),בייטס (8),בייטס (8),בייטס (8)
בירן (27),בירן (27),בירן (27),בירן (27)
בירן (27),בירן (27),בירן (27),בירן (27)
בירן (27),בירן (27),בירן (27),בירן (27)
בן נון (6),בן נון (6),בן נון (6),בן נון (6)
בן נון (6),בן נון (6),בן נון (6),בן נון (6)
בן נון (6),בן נון (6),בן נון (6),בן נון (6)
בן נון (6),בן נון (6),בנימיני (25),בנימיני (25)
בנימיני (25),בנימיני (25),בנימיני (25),בנימיני (25)
בנימיני (25),בציר (3),בציר (3),בציר (3)
בציר (3),בציר (3),בציר (11),בציר (11)
בר נתן (6),בר נתן (6),בר נתן (6),בר נתן (6)
בר נתן (6),בר נתן (6),בר נתן (6),בר נתן (6)
בר נתן (6),בר נתן (6),ברכה (2),ברכה (2)
ברכה (2),ברכה (2),ברכה (2),ברכה (2)
ברכמן (13),ברכמן (13),ברכמן (13),ברכמן (13)
ברכמן (13),ברכמן (13),ברכמן (13),ברכמן (13)
ברכמן (13),ברכמן (13),ברכמן (13),ברכמן (13)
ברכמן (13),ברכמן (13),ברכמן (13),ברכמן (13)
ברנט (1),ברנט (1),ברנט (1),ברנט (1)
ברנט (1),ברנט (1),ברנט (1),ברנט (1)
ברנט (1),ברנט (1),ברנט (1),ברקוביץ (23)
ברקוביץ (23),ברקוביץ (23),ברקוביץ (23),ברקוביץ (23)
ברקוביץ (23),ברקוביץ (23),ברקוביץ (23),ברקוביץ (23)
ברקוביץ (23),ברקוביץ (23),ברקוביץ (23),ברקוביץ (23)
ברקוביץ (23),ברקוביץ (23),ברקוביץ (23),ברקוביץ (23)
גובר (8),גובר (8),גובר (8),גובר (8)
גובר (8),גובר (8),גובר (8),גובר (8)
גולדברג (3),גולדברג (3),גולדברג (3),גולדברג (3)
גולדברג (3),גיל (19),גיל (19),גיל (19)
גיל (19),גלעד (13),גלעד (13),גלעד (13)
גלעד (13),גלעד (13),גלעד (13),גלעד (13)
גלעד (13),גלעד (13),גלעד (13),גלעד (13)
גלפז (7A),גלפז (7A),גלפז (7A),גלפז (7A)
גלפז (19),גלפז (19),גלפז (19),גלפז (19)
גלפז (19),גלפז (19),גפטר (20),גפטר (20)
גפטר (20),גפטר (20),גפטר (20),גפטר (20)
גפטר (20),גפטר (20),גפטר (20),גפטר (20)
גפטר (20),גפטר (20),גפטר (20),גת (14)
גת (14),גת (14),גת (14),גת (14)
גת (14),גת (14),גת (14),גת (14)
גת (14),גת (14),גת (14),גת (11)
גת (11),גת (11),גת (11),גת (11)
גת (11),דוד (18),דוד (18),דוד (18)
דוד (18),דוד (18),דוד (18),דוד (18)
דוד (18),דישון (10),דישון (10),דישון (10)
דישון (10),דישון (10),דישון (10),דישון (10)
דישון (10),דישון (10),דישון (10),דישון (10)
דישון (10),דישון (10),דישון (10),דישון (10)
דישון (10),דישון (10),דישון (10),דישון (10)
דישון (10),דישון (10),דישון (10),דישון (10)
דישון (10),דנא (14),דנא (14),דנא (14)
דנא (14),דנא (14),דנא (14),דנא (14)
דנא (14),דנא (14),דנא (14),דנא (14)
דנא (14),דנא (14),דנא (14),הדר (3)
הדר (3),הדר (3),הדר (3),הדר (3)
הדר (3),הדר (3),הדר (3),הדר (3)
הורביץ (20),הורביץ (20),היימן (5),היימן (5)
הלפמן (17),הלפמן (17),הלפמן (17),זורע (2)
זורע (2),זורע (2),זורע (2),זורע (2)
זורע (2),זורע (2),זורע (2),זורע (2)
זילברברג (14A),זילברברג (14A),זילברברג (14A),זילברברג (14A)
זילברברג (14A),זילברברג (14A),זילברברג (14A),זילברברג (14A)
זילברברג (14A),זילברברג (14A),זינגר (26),זינגר (26)
זינגר (26),זינגר (26),זינגר (26),זינגר (26)
זינגר (26),זינגר (26),זרים (26),זרים (26)
זרים (26),זרים (26),זרים (26),זרים (26)
זרים (26),זרים (26),זרים (26),זרים (26)
זרים (26),זרים (26),זרים (26),זרים (26)
זרים (26),זרים (26),טייב (5),טייב (5)
טייב (5),טייב (5),טייב (5),טייב (5)
טייב (5),טנה (7A),טנה (7A),טנה (7A)
טנה (7A),טץ (3),טץ (3),טץ (3)
טץ (3),טץ (3),טץ (3),טץ (3)
יאיר (13),יאיר (13),יאיר (13),יאיר (13)
יאיר (13),יאיר (13),יאיר (13),יאיר (13)
יאיר (13),יאיר (13),יאיר (13),יהלום (7)
יהלום (7),יונתן (7),יונתן (7),יונתן (7)
יונתן (7),יונתן (7),יונתן (7),ינאי (15)
ינאי (15),ינאי (15),ינאי (15),ינאי (15)
ינאי (15),ינאי (15),ינאי (15),ינאי (15)
ינאי (15),ינאי (15),יצחק (9),יצחק (9)
יצחק (9),יצחק (9),יצחק (9),יצחק (9)
יצחק (9),כהן (14A),כהן (14A),כהן (14A)
כהן (14A),כהן (14A),כהן (14A),כהן (14A)
כהן (14A),כהן (23),כהן (23),כהן (23)
כהן (23),כהן (23),כהן (23),כהן (23)
כהן (23),כהן (5),כהן (5),כהן (7)
כהן (7),כהן (7),כהן (7),כהן (7)
כהן (23),כהן (23),כהן (23),כהן (23)
כהן (23),כנעני (11),כנעני (11),כנעני (11)
כנעני (11),כנעני (11),כנעני (11),כנעני (11)
כנעני (11),כנעני (11),כנעני (11),כנעני (11)
כנעני (11),כנעני (11),כנעני (11),כנעני (11)
כנעני (11),כנעני (11),כנעני (11),כנעני (11)
לוגסי (24),לוגסי (24),לוגסי (24),לוגסי (24)
לוגסי (24),לוגסי (24),לוי (16),לוי (16)
לוי (16),לוי (16),לוי (16),לוי (16)
לוי (16),לוי (16),לוי (16),לוי (16)
לוי (16),לוי (16),לוי (16),לוי (16)
לוי (16),לוי (16),לוי (16),לוי (16)
לוי (5),לוי (5),לוי (5),לוי (5)
לוי (5),לוי (18),לוי (18),לוי (18)
לוי (18),לוי (18),לוי (18),לוי (18)
לנדר (11),לנדר (11),לפיד (24),לפיד (24)
לפיד (24),מואתי (9),מואתי (9),מואתי (9)
מואתי (9),מואתי (9),מואתי (9),מואתי (9)
מואתי (9),מואתי (9),מואתי (9),מואתי (9)
מואתי (9),מואתי (9),מואתי (9),מואתי (9)
מואתי (9),מואתי (9),מידן (15),מידן (15)
מידן (15),מידן (15),מידן (15),מידן (15)
מידן (15),מידן (15),מידן (15),מידן (15)
מידן (15),מידן (15),מידן (15),מידן (15)
מלדנוב (7),מלדנוב (7),מלדנוב (7),מלדנוב (7)
מלדנוב (7),מלדנוב (7),מלדנוב (7),מלדנוב (7)
מלדנוב (7),מלדנוב (7),מלדנוב (7),מליץ (7A)
מליץ (7A),מליץ (7A),מליץ (7A),מליץ (7A)
מליץ (7A),מליץ (7A),מליץ (7A),מליץ (7A)
מליץ (7A),מליץ (7A),מליץ (7A),מליץ (7A)
מליץ (7A),נוימן (23),נוימן (23),נוימן (23)
סאונד (5),סיטון (17),סיטון (17),סיטון (17)
סיטון (17),סיטון (17),סיטון (17),סיטון (17)
סיטון (17),סיטון (17),סיטון (17),סיטון (17)
סיטון (17),סיטון (17),סימפסון (25),סימפסון (25)
סימפסון (25),סימפסון (25),סימפסון (25),סימפסון (25)
עובדיה (26),עובדיה (26),עובדיה (26),עובדיה (26)
ענבר (11),ענבר (11),ענבר (11),ענבר (11)
ענבר (11),עציוני (11),עציוני (11),עציוני (11)
עציוני (11),פאר (10),פוגל (3),פוגל (3)
פוגל (3),פוגל (3),פלג (12),פלג (12)
פלג (12),פלג (12),צבר (2),צבר (2)
צבר (2),צבר (2),צבר (2),צבר (2)
צבר (2),צבר (2),צבר (2),צבר (2)
צבר (2),צבר (2),צבר (2),קאלו (22)
קאלו (22),קאלו (22),קאלו (22),קאלו (22)
קאלו (22),קאלו (22),קדם (5),קדם (5)
קדם (5),קדם (5),קדם (5),קדם (5)
קדם (5),קדם (5),קדם (5),קוקס (25)
קוקס (25),קוקס (25),קיפי (7A),קיפי (7A)
קישקה (23),קישקה (23),קישקה (23),קישקה (23)
קישקה (23),קישקה (23),קישקה (23),קישקה (23)
קישקה (23),קישקה (23),קליבנוב (8),קליבנוב (8)
קנטור (22),קנטור (22),קנטור (22),קנטור (22)
קנטור (22),קנטור (22),קנטור (27),קנטור (27)
קפלן (7),קפלן (7),קפלן (7),קפלן (7)
קפלן (7),קפלן (7),קפלן (7),קפלן (7)
קרקובסקה (25),קרקובסקה (25),קרקובסקה (25),קרקובסקה (25)
קרקובסקה (25),רבאון (12),רבאון (12),רבאון (12)
רבאון (12),רבאון (12),רוטשטיין (12),רוטשטיין (12)
רוטשטיין (12),רוטשטיין (12),רון (24),רון (24)
רון (24),רון (24),רון (24),רון (24)
רון (24),רון (24),רון (24),רון (24)
רון (24),רון (24),רון (24),רון (24)
רון (24),רון (24),רות (3),שובינסקי (24)
שובינסקי (24),שובינסקי (24),שובינסקי (24),שובינסקי (24)
שובינסקי (24),שובינסקי (24),שובינסקי (24),שחר (16)
שחר (16),שחר (16),שחר (16),שחר (16)
שחר (16),שחר (16),שחר (16),שחר (6)
שחר (6),שחר (6),שחר (6),שחר (6)
שטוץ (10),שטוץ (10),שטוץ (10),שטוץ (10)
שטוץ (10),שיזף (22),שיזף (22),שיזף (22)
שיזף (22),שיזף (22),שיזף (22),שיזף (22)
שיזף (22),שיזף (22),שיזף (22),שיזף (22)
שיזף (22),שיזף (22),שיזף (22),שמי (1)
שמי (1),שמי (1),שמי (1),שמי (1)
שמי (1),שמי (1),שמי (1),שמי (1)
שמי (1),שמי (1),שמי (1),שמיר (20)
שמיר (20),שמיר (20),שמיר (20),שמיר (20)
שמיר (20),שמיר (20),שמיר (20),שמיר (20)
שמיר (20),שמיר (20),שני (12),שני (12)
שני (12),שני (12),שני (12),שני (12)
שני (12),שני (12),שני (12),שני (12)
שני (12),שני (12),שני (12),שני (12)
שני (12),שני (12),שנקר (10),שפירא (27)
שרון (4),שרון (4),שרון (4),שרון (4)
שרון (4),שרון (4),שרון (4),שרון (4)
שרון (4),שרון (4),שרון (4),שרון (4)
שרון (4),שרון (4),שרון (4),שרון (4)
שרון (4),שרון (4),שרון (4),שרון (4)
שרון (4),שרון (4),שרון (4),שרון (4)
שרון (4),שרון (4),שרון (4),שרון (4)
שרון (4),שרון (4),שרון (4)